"What is the definition of an RSI divergence in trading?","A discrepancy between price action (highs/lows on the chart) and RSI indicator movement (highs/lows on the RSI)."
"What does a Regular RSI Divergence signal?","It is a Trend Reversal Pattern and indicates the potential end of an existing trend."
"How is a Bearish Regular RSI Divergence formed?","Price forms a higher high while the RSI forms a lower high (typically at the end of an uptrend)."
"How is a Bullish Regular RSI Divergence formed?","Price forms a lower low while the RSI forms a higher low (typically at the end of a downtrend)."
"What does a Hidden RSI Divergence signal?","It is a Trend Continuation Pattern indicating that the existing trend will continue after a pullback."
"How does a Bullish Hidden RSI Divergence occur?","Price makes a higher low during an uptrend while the RSI makes a lower low."
"How does a Bearish Hidden RSI Divergence occur?","Price makes a lower high during a downtrend while the RSI makes a higher high."
"What is the core concept of a Trendline Break Divergence?","The RSI breaks the neckline of a chart pattern (e.g., Head & Shoulders) BEFORE price breaks its neckline on the chart."
"Why is the proximity of the RSI to the 8 SMA considered a crucial filter ('Game Changer')?","Because trades should be skipped if the RSI is far from the 8 SMA; closeness or a cross confirms short-term momentum."
"What role does the 21 EMA play when trading setups?","It serves as a dynamic filter ('wall' / 'bus stop'). A bullish candle should not close directly under the 21 EMA in long setups."
"Which range in Fibonacci Retracement is referred to as the 'Golden Pocket'?","The zone between the 0.50 and 0.618 Fibonacci levels."
"Why is the 786 Fibonacci level particularly relevant in Bitcoin trading?","It is considered the 'last train' for a pullback in trend direction; if broken, the primary trend is usually over."
"Why should the 236 Fibonacci Retracement level be avoided for trade entries?","Because it represents a shallow pullback offering a very poor Risk-Reward Ratio (R/R)."
"What is the strict validity rule for candles at Fibonacci and EMA levels?","Price may touch the level with a wick or body, but NO candle body may completely cut through the level."
"What is the difference between Fibonacci Retracement and Fibonacci Extension/Expansion?","Retracement identifies pullback zones within a trend, while Extension/Expansion determines take-profit targets (TP) and trend end points."
"What are the 4 steps forming an LSOB (Liquidity Sweep Orderblock)?","1. Liquidity Sweep, 2. Formation of 2 opposite-colored candles, 3. Drawing the Orderblock, 4. Retest of the zone with rejection."
"When is a Liquidity Sweep Orderblock (LSOB) invalid?","When no sweep occurred (e.g., Equal Highs), the candle body closes too deep into the zone, or price cuts completely through."
"What is meant by a 'Liquidity Sweep' (LS)?","The targeted triggering of stop-losses above a high or below a low before price reverses direction."
"What does 'Equal Highs' mean in the context of liquidity?","Two or more highs at virtually identical levels, above which many stop-losses (liquidity) accumulate."
"What does the abbreviation BOS stand for in Smart Money Concepts (SMC)?","Break of Structure: Breaking a previous structural high or low in the direction of the trend."
"What does CHOCH mean in trading?","Change of Character: The first sign of a potential trend reversal by breaking opposing market structure."
"What does a Market Structure Shift (MSS) describe?","A confirmed change in market structure occurring after a CHOCH, solidifying the new trend direction."
"What is a Fair Value Gap (FVG) or BISI / SIBI?","A 3-candle price imbalance where there is no wick overlap between candle 1 and candle 3 (market inefficiency)."
"What characterizes a 'Unicorn Setup' in Smart Money Concepts?","The precise confluence of a Breaker Block with a Fair Value Gap (FVG)."
"What is understood by 'Inducement' in SMC trading?","A misleading mini-sweep or fake-out that lures traders into the market prematurely before actual liquidity is taken."
"What does the term 'Hawkish' mean regarding central bank decisions?","A restrictive monetary policy to combat inflation (rate hikes/high rates), which is generally bearish for BTC & risk assets."
"What does the term 'Dovish' mean regarding central bank decisions?","An accommodative monetary policy to boost the economy (rate cuts), providing liquidity and acting bullish for BTC."
"What does the FOMC (Federal Open Market Committee) decide every 6 weeks?","The benchmark interest rate of the US Federal Reserve (Fed Funds Rate)."
"What does CPI (Consumer Price Index) measure and how does a higher-than-expected value affect BTC?","It measures consumer price inflation. Higher values than expected signal high inflation -> hawkish -> BTC falls."
"What does the NFP (Non-Farm Payrolls) report show?","The number of new jobs created in the US outside agriculture. A strong labor market raises inflation concerns (hawkish)."
"Why is the PCE Price Index particularly important for crypto traders?","Because PCE is the Fed's preferred inflation metric for making interest rate decisions."
"How does Bitcoin price typically react to sharp increases in 10-Year US Bond Yields (10Y Yields)?","BTC drops because rising bond yields offer attractive risk-free returns, pulling capital out of crypto (Risk-Off)."
"What does an ISM Purchasing Managers Index (PMI) above 50 indicate?","Economic expansion. A reading below 50 indicates economic contraction."
"What are the 'FOMC Minutes'?","The detailed meeting minutes of the Fed rate decision published ~3 weeks later, offering insights into central bank policy."
"How do unexpected statements in speeches by Fed Chair Jerome Powell affect the crypto market?","They usually trigger immediate high volatility in Bitcoin and the broader market."
"What characterizes a Bullish Engulfing candle pattern?","A small bearish candle is completely engulfed (body covered) by a subsequent giant bullish candle."
"What distinguishes a Hammer candle from a Shooting Star?","A Hammer is bullish with a long lower wick (>=70% of candle), while a Shooting Star is bearish with a long upper wick."
"Where is the stop-loss placed in a Morning Star candle pattern?","Directly below the lower wick of the middle candle."
"What are 'Advancing Wicks' (AW) and 'Retracing Wicks' (RW)?","Wicks of candles (~30% of candle length) serving as rejection signals, preferably at the 21 EMA or trendlines."
"What are the characteristics of a Bull Flag?","An impulsive move upward (flagpole) with open EMAs, followed by a slight downward consolidation."
"What is an Ascending Triangle?","A chart pattern featuring a horizontal resistance line above and higher lows below, typically breaking out upward."
"Why does a poor Risk-Reward Ratio (R/R < 1:1) disqualify a trading setup?","Because the potential loss is too high relative to potential profit, making the trade statistically unprofitable."
"Why should traders usually wait for a candle to close before entering a trade?","Because wicks during candle formation can deceive, and only the candle close validates the setup and levels."
"What is 'Revenge Trading' and why is it dangerous?","Emotionally opening new trades immediately after a loss to quickly recover funds, usually leading to even larger losses."
"Why is it recommended to store the majority of spot cryptocurrency on a cold wallet?","To protect assets from exchange insolvencies, hacks, and third-party counterparty risks."
"What goal does rigorous backtesting of trading rules pursue?","Building confidence in one's strategy and statistically proving a positive win rate (Edge)."
"How does the RSI behave in strong trending markets in overbought areas (>70)?","The RSI can remain above 70 for extended periods in strong trends, so simply selling when RSI > 70 often causes losses."
"What is understood by 'Confluence' in trading?","The convergence of multiple independent confirmations (e.g., Fibo Golden Pocket + Divergence + Candle Pattern + EMA Support)."
"What is the most important criterion regarding candle size at entry?","The entry candle must not be too large, as a wide stop-loss worsens the Risk-Reward Ratio."
"Why should trades not be opened directly in front of major support, resistance, or EMAs?","Because these zones act like 'walls' where price can bounce; trades need room to breathe."
